<?xml version="1.0" encoding="UTF-8"?>
<project-private xmlns="http://www.netbeans.org/ns/project-private/1">
    <editor-bookmarks xmlns="http://www.netbeans.org/ns/editor-bookmarks/2" lastBookmarkId="0"/>
    <open-files xmlns="http://www.netbeans.org/ns/projectui-open-files/2">
        <group>
            <file>file:/D:/GIT/Fatec/JavaWeb/09.14-RedelemP1/src/java/br/com/redelem/bean/Memoria.java</file>
            <file>file:/D:/GIT/Fatec/JavaWeb/09.14-RedelemP1/src/java/br/com/redelem/db/MemoriaDao.java</file>
            <file>file:/D:/GIT/Fatec/JavaWeb/09.14-RedelemP1/src/java/br/com/redelem/bean/Acontecimento.java</file>
            <file>file:/D:/GIT/Fatec/JavaWeb/09.14-RedelemP1/src/java/br/com/redelem/controler/AcontecimentoControler.java</file>
        </group>
    </open-files>
</project-private>
